/home/ahmetozlu/Desktop/face_study/face_database/Penny/penny188.png,0
/home/ahmetozlu/Desktop/face_study/face_database/Penny/penny14.png,0
/home/ahmetozlu/Desktop/face_study/face_database/Penny/penny246.png,0
/home/ahmetozlu/Desktop/face_study/face_database/Penny/penny180.png,0
/home/ahmetozlu/Desktop/face_study/face_database/Penny/penny239.png,0
/home/ahmetozlu/Desktop/face_study/face_database/Penny/penny148.png,0
/home/ahmetozlu/Desktop/face_study/face_database/Penny/penny104.png,0
/home/ahmetozlu/Desktop/face_study/face_database/Penny/penny87.png,0
/home/ahmetozlu/Desktop/face_study/face_database/Penny/penny84.png,0
/home/ahmetozlu/Desktop/face_study/face_database/Penny/penny77.png,0
/home/ahmetozlu/Desktop/face_study/face_database/Penny/penny218.png,0
/home/ahmetozlu/Desktop/face_study/face_database/Penny/penny125.png,0
/home/ahmetozlu/Desktop/face_study/face_database/Penny/penny201.png,0
/home/ahmetozlu/Desktop/face_study/face_database/Penny/penny98.png,0
/home/ahmetozlu/Desktop/face_study/face_database/Penny/penny25.png,0
/home/ahmetozlu/Desktop/face_study/face_database/Penny/penny210.png,0
/home/ahmetozlu/Desktop/face_study/face_database/Penny/penny181.png,0
/home/ahmetozlu/Desktop/face_study/face_database/Penny/penny172.png,0
/home/ahmetozlu/Desktop/face_study/face_database/Penny/penny136.png,0
/home/ahmetozlu/Desktop/face_study/face_database/Penny/penny70.png,0
/home/ahmetozlu/Desktop/face_study/face_database/Penny/penny159.png,0
/home/ahmetozlu/Desktop/face_study/face_database/Penny/penny173.png,0
/home/ahmetozlu/Desktop/face_study/face_database/Penny/penny114.png,0
/home/ahmetozlu/Desktop/face_study/face_database/Penny/penny138.png,0
/home/ahmetozlu/Desktop/face_study/face_database/Penny/penny10.png,0
/home/ahmetozlu/Desktop/face_study/face_database/Penny/penny205.png,0
/home/ahmetozlu/Desktop/face_study/face_database/Penny/penny71.png,0
/home/ahmetozlu/Desktop/face_study/face_database/Penny/penny100.png,0
/home/ahmetozlu/Desktop/face_study/face_database/Penny/penny227.png,0
/home/ahmetozlu/Desktop/face_study/face_database/Penny/penny0.png,0
/home/ahmetozlu/Desktop/face_study/face_database/Penny/penny66.png,0
/home/ahmetozlu/Desktop/face_study/face_database/Penny/penny187.png,0
/home/ahmetozlu/Desktop/face_study/face_database/Penny/penny3.png,0
/home/ahmetozlu/Desktop/face_study/face_database/Penny/penny72.png,0
/home/ahmetozlu/Desktop/face_study/face_database/Penny/penny18.png,0
/home/ahmetozlu/Desktop/face_study/face_database/Penny/penny40.png,0
/home/ahmetozlu/Desktop/face_study/face_database/Penny/penny128.png,0
/home/ahmetozlu/Desktop/face_study/face_database/Penny/penny46.png,0
/home/ahmetozlu/Desktop/face_study/face_database/Penny/penny61.png,0
/home/ahmetozlu/Desktop/face_study/face_database/Penny/penny167.png,0
/home/ahmetozlu/Desktop/face_study/face_database/Penny/penny161.png,0
/home/ahmetozlu/Desktop/face_study/face_database/Penny/penny83.png,0
/home/ahmetozlu/Desktop/face_study/face_database/Penny/penny151.png,0
/home/ahmetozlu/Desktop/face_study/face_database/Penny/penny168.png,0
/home/ahmetozlu/Desktop/face_study/face_database/Penny/penny56.png,0
/home/ahmetozlu/Desktop/face_study/face_database/Penny/penny140.png,0
/home/ahmetozlu/Desktop/face_study/face_database/Penny/penny235.png,0
/home/ahmetozlu/Desktop/face_study/face_database/Penny/penny22.png,0
/home/ahmetozlu/Desktop/face_study/face_database/Penny/penny242.png,0
/home/ahmetozlu/Desktop/face_study/face_database/Penny/penny39.png,0
/home/ahmetozlu/Desktop/face_study/face_database/Penny/penny43.png,0
/home/ahmetozlu/Desktop/face_study/face_database/Penny/penny53.png,0
/home/ahmetozlu/Desktop/face_study/face_database/Penny/penny182.png,0
/home/ahmetozlu/Desktop/face_study/face_database/Penny/penny164.png,0
/home/ahmetozlu/Desktop/face_study/face_database/Penny/penny141.png,0
/home/ahmetozlu/Desktop/face_study/face_database/Penny/penny134.png,0
/home/ahmetozlu/Desktop/face_study/face_database/Penny/penny110.png,0
/home/ahmetozlu/Desktop/face_study/face_database/Penny/penny160.png,0
/home/ahmetozlu/Desktop/face_study/face_database/Penny/penny54.png,0
/home/ahmetozlu/Desktop/face_study/face_database/Penny/penny144.png,0
/home/ahmetozlu/Desktop/face_study/face_database/Penny/penny139.png,0
/home/ahmetozlu/Desktop/face_study/face_database/Penny/penny7.png,0
/home/ahmetozlu/Desktop/face_study/face_database/Penny/penny126.png,0
/home/ahmetozlu/Desktop/face_study/face_database/Penny/penny32.png,0
/home/ahmetozlu/Desktop/face_study/face_database/Penny/penny24.png,0
/home/ahmetozlu/Desktop/face_study/face_database/Penny/penny154.png,0
/home/ahmetozlu/Desktop/face_study/face_database/Penny/penny9.png,0
/home/ahmetozlu/Desktop/face_study/face_database/Penny/penny103.png,0
/home/ahmetozlu/Desktop/face_study/face_database/Penny/penny28.png,0
/home/ahmetozlu/Desktop/face_study/face_database/Penny/penny123.png,0
/home/ahmetozlu/Desktop/face_study/face_database/Penny/penny247.png,0
/home/ahmetozlu/Desktop/face_study/face_database/Penny/penny236.png,0
/home/ahmetozlu/Desktop/face_study/face_database/Penny/penny76.png,0
/home/ahmetozlu/Desktop/face_study/face_database/Penny/penny129.png,0
/home/ahmetozlu/Desktop/face_study/face_database/Penny/penny233.png,0
/home/ahmetozlu/Desktop/face_study/face_database/Penny/penny117.png,0
/home/ahmetozlu/Desktop/face_study/face_database/Penny/penny5.png,0
/home/ahmetozlu/Desktop/face_study/face_database/Penny/penny208.png,0
/home/ahmetozlu/Desktop/face_study/face_database/Penny/penny1.png,0
/home/ahmetozlu/Desktop/face_study/face_database/Penny/penny64.png,0
/home/ahmetozlu/Desktop/face_study/face_database/Penny/penny202.png,0
/home/ahmetozlu/Desktop/face_study/face_database/Penny/penny211.png,0
/home/ahmetozlu/Desktop/face_study/face_database/Penny/penny20.png,0
/home/ahmetozlu/Desktop/face_study/face_database/Penny/penny12.png,0
/home/ahmetozlu/Desktop/face_study/face_database/Penny/penny105.png,0
/home/ahmetozlu/Desktop/face_study/face_database/Penny/penny51.png,0
/home/ahmetozlu/Desktop/face_study/face_database/Penny/penny58.png,0
/home/ahmetozlu/Desktop/face_study/face_database/Penny/penny60.png,0
/home/ahmetozlu/Desktop/face_study/face_database/Penny/penny248.png,0
/home/ahmetozlu/Desktop/face_study/face_database/Penny/penny15.png,0
/home/ahmetozlu/Desktop/face_study/face_database/Penny/penny107.png,0
/home/ahmetozlu/Desktop/face_study/face_database/Penny/penny191.png,0
/home/ahmetozlu/Desktop/face_study/face_database/Penny/penny36.png,0
/home/ahmetozlu/Desktop/face_study/face_database/Penny/penny112.png,0
/home/ahmetozlu/Desktop/face_study/face_database/Penny/penny142.png,0
/home/ahmetozlu/Desktop/face_study/face_database/Penny/penny122.png,0
/home/ahmetozlu/Desktop/face_study/face_database/Penny/penny221.png,0
/home/ahmetozlu/Desktop/face_study/face_database/Penny/penny157.png,0
/home/ahmetozlu/Desktop/face_study/face_database/Penny/penny166.png,0
/home/ahmetozlu/Desktop/face_study/face_database/Penny/penny229.png,0
/home/ahmetozlu/Desktop/face_study/face_database/Penny/penny4.png,0
/home/ahmetozlu/Desktop/face_study/face_database/Penny/penny186.png,0
/home/ahmetozlu/Desktop/face_study/face_database/Penny/penny212.png,0
/home/ahmetozlu/Desktop/face_study/face_database/Penny/penny195.png,0
/home/ahmetozlu/Desktop/face_study/face_database/Penny/penny249.png,0
/home/ahmetozlu/Desktop/face_study/face_database/Penny/penny219.png,0
/home/ahmetozlu/Desktop/face_study/face_database/Penny/penny213.png,0
/home/ahmetozlu/Desktop/face_study/face_database/Penny/penny116.png,0
/home/ahmetozlu/Desktop/face_study/face_database/Penny/penny97.png,0
/home/ahmetozlu/Desktop/face_study/face_database/Penny/penny238.png,0
/home/ahmetozlu/Desktop/face_study/face_database/Penny/penny250.png,0
/home/ahmetozlu/Desktop/face_study/face_database/Penny/penny223.png,0
/home/ahmetozlu/Desktop/face_study/face_database/Penny/penny147.png,0
/home/ahmetozlu/Desktop/face_study/face_database/Penny/penny68.png,0
/home/ahmetozlu/Desktop/face_study/face_database/Penny/penny130.png,0
/home/ahmetozlu/Desktop/face_study/face_database/Penny/penny203.png,0
/home/ahmetozlu/Desktop/face_study/face_database/Penny/penny217.png,0
/home/ahmetozlu/Desktop/face_study/face_database/Penny/penny16.png,0
/home/ahmetozlu/Desktop/face_study/face_database/Penny/penny75.png,0
/home/ahmetozlu/Desktop/face_study/face_database/Penny/penny23.png,0
/home/ahmetozlu/Desktop/face_study/face_database/Penny/penny216.png,0
/home/ahmetozlu/Desktop/face_study/face_database/Penny/penny35.png,0
/home/ahmetozlu/Desktop/face_study/face_database/Penny/penny204.png,0
/home/ahmetozlu/Desktop/face_study/face_database/Penny/penny206.png,0
/home/ahmetozlu/Desktop/face_study/face_database/Penny/penny169.png,0
/home/ahmetozlu/Desktop/face_study/face_database/Penny/penny241.png,0
/home/ahmetozlu/Desktop/face_study/face_database/Penny/penny13.png,0
/home/ahmetozlu/Desktop/face_study/face_database/Penny/penny11.png,0
/home/ahmetozlu/Desktop/face_study/face_database/Penny/penny127.png,0
/home/ahmetozlu/Desktop/face_study/face_database/Penny/penny78.png,0
/home/ahmetozlu/Desktop/face_study/face_database/Penny/penny243.png,0
/home/ahmetozlu/Desktop/face_study/face_database/Penny/penny146.png,0
/home/ahmetozlu/Desktop/face_study/face_database/Penny/penny224.png,0
/home/ahmetozlu/Desktop/face_study/face_database/Penny/penny80.png,0
/home/ahmetozlu/Desktop/face_study/face_database/Penny/penny143.png,0
/home/ahmetozlu/Desktop/face_study/face_database/Penny/penny194.png,0
/home/ahmetozlu/Desktop/face_study/face_database/Penny/penny131.png,0
/home/ahmetozlu/Desktop/face_study/face_database/Penny/penny2.png,0
/home/ahmetozlu/Desktop/face_study/face_database/Penny/penny79.png,0
/home/ahmetozlu/Desktop/face_study/face_database/Penny/penny109.png,0
/home/ahmetozlu/Desktop/face_study/face_database/Penny/penny244.png,0
/home/ahmetozlu/Desktop/face_study/face_database/Penny/penny62.png,0
/home/ahmetozlu/Desktop/face_study/face_database/Penny/penny37.png,0
/home/ahmetozlu/Desktop/face_study/face_database/Penny/penny193.png,0
/home/ahmetozlu/Desktop/face_study/face_database/Penny/penny240.png,0
/home/ahmetozlu/Desktop/face_study/face_database/Penny/penny21.png,0
/home/ahmetozlu/Desktop/face_study/face_database/Penny/penny183.png,0
/home/ahmetozlu/Desktop/face_study/face_database/Penny/penny86.png,0
/home/ahmetozlu/Desktop/face_study/face_database/Penny/penny29.png,0
/home/ahmetozlu/Desktop/face_study/face_database/Penny/penny93.png,0
/home/ahmetozlu/Desktop/face_study/face_database/Penny/penny52.png,0
/home/ahmetozlu/Desktop/face_study/face_database/Penny/penny156.png,0
/home/ahmetozlu/Desktop/face_study/face_database/Penny/penny189.png,0
/home/ahmetozlu/Desktop/face_study/face_database/Penny/penny45.png,0
/home/ahmetozlu/Desktop/face_study/face_database/Penny/penny42.png,0
/home/ahmetozlu/Desktop/face_study/face_database/Penny/penny96.png,0
/home/ahmetozlu/Desktop/face_study/face_database/Penny/penny165.png,0
/home/ahmetozlu/Desktop/face_study/face_database/Penny/penny226.png,0
/home/ahmetozlu/Desktop/face_study/face_database/Penny/penny41.png,0
/home/ahmetozlu/Desktop/face_study/face_database/Penny/penny137.png,0
/home/ahmetozlu/Desktop/face_study/face_database/Penny/penny150.png,0
/home/ahmetozlu/Desktop/face_study/face_database/Penny/penny170.png,0
/home/ahmetozlu/Desktop/face_study/face_database/Penny/penny215.png,0
/home/ahmetozlu/Desktop/face_study/face_database/Penny/penny162.png,0
/home/ahmetozlu/Desktop/face_study/face_database/Penny/penny199.png,0
/home/ahmetozlu/Desktop/face_study/face_database/Penny/penny120.png,0
/home/ahmetozlu/Desktop/face_study/face_database/Penny/penny17.png,0
/home/ahmetozlu/Desktop/face_study/face_database/Penny/penny91.png,0
/home/ahmetozlu/Desktop/face_study/face_database/Penny/penny133.png,0
/home/ahmetozlu/Desktop/face_study/face_database/Penny/penny185.png,0
/home/ahmetozlu/Desktop/face_study/face_database/Penny/penny34.png,0
/home/ahmetozlu/Desktop/face_study/face_database/Penny/penny59.png,0
/home/ahmetozlu/Desktop/face_study/face_database/Penny/penny55.png,0
/home/ahmetozlu/Desktop/face_study/face_database/Penny/penny31.png,0
/home/ahmetozlu/Desktop/face_study/face_database/Penny/penny27.png,0
/home/ahmetozlu/Desktop/face_study/face_database/Penny/penny44.png,0
/home/ahmetozlu/Desktop/face_study/face_database/Penny/penny124.png,0
/home/ahmetozlu/Desktop/face_study/face_database/Penny/penny196.png,0
/home/ahmetozlu/Desktop/face_study/face_database/Penny/penny74.png,0
/home/ahmetozlu/Desktop/face_study/face_database/Penny/penny92.png,0
/home/ahmetozlu/Desktop/face_study/face_database/Penny/penny67.png,0
/home/ahmetozlu/Desktop/face_study/face_database/Penny/penny47.png,0
/home/ahmetozlu/Desktop/face_study/face_database/Penny/penny155.png,0
/home/ahmetozlu/Desktop/face_study/face_database/Penny/penny19.png,0
/home/ahmetozlu/Desktop/face_study/face_database/Penny/penny200.png,0
/home/ahmetozlu/Desktop/face_study/face_database/Penny/penny245.png,0
/home/ahmetozlu/Desktop/face_study/face_database/Penny/penny145.png,0
/home/ahmetozlu/Desktop/face_study/face_database/Penny/penny237.png,0
/home/ahmetozlu/Desktop/face_study/face_database/Penny/penny135.png,0
/home/ahmetozlu/Desktop/face_study/face_database/Penny/penny94.png,0
/home/ahmetozlu/Desktop/face_study/face_database/Penny/penny190.png,0
/home/ahmetozlu/Desktop/face_study/face_database/Penny/penny232.png,0
/home/ahmetozlu/Desktop/face_study/face_database/Penny/penny81.png,0
/home/ahmetozlu/Desktop/face_study/face_database/Penny/penny207.png,0
/home/ahmetozlu/Desktop/face_study/face_database/Penny/penny214.png,0
/home/ahmetozlu/Desktop/face_study/face_database/Penny/penny234.png,0
/home/ahmetozlu/Desktop/face_study/face_database/Penny/penny174.png,0
/home/ahmetozlu/Desktop/face_study/face_database/Penny/penny82.png,0
/home/ahmetozlu/Desktop/face_study/face_database/Penny/penny106.png,0
/home/ahmetozlu/Desktop/face_study/face_database/Penny/penny8.png,0
/home/ahmetozlu/Desktop/face_study/face_database/Penny/penny149.png,0
/home/ahmetozlu/Desktop/face_study/face_database/Penny/penny152.png,0
/home/ahmetozlu/Desktop/face_study/face_database/Penny/penny65.png,0
/home/ahmetozlu/Desktop/face_study/face_database/Penny/penny85.png,0
/home/ahmetozlu/Desktop/face_study/face_database/Penny/penny50.png,0
/home/ahmetozlu/Desktop/face_study/face_database/Penny/penny111.png,0
/home/ahmetozlu/Desktop/face_study/face_database/Penny/penny49.png,0
/home/ahmetozlu/Desktop/face_study/face_database/Penny/penny48.png,0
/home/ahmetozlu/Desktop/face_study/face_database/Penny/penny88.png,0
/home/ahmetozlu/Desktop/face_study/face_database/Penny/penny95.png,0
/home/ahmetozlu/Desktop/face_study/face_database/Penny/penny108.png,0
/home/ahmetozlu/Desktop/face_study/face_database/Penny/penny163.png,0
/home/ahmetozlu/Desktop/face_study/face_database/Penny/penny222.png,0
/home/ahmetozlu/Desktop/face_study/face_database/Penny/penny171.png,0
/home/ahmetozlu/Desktop/face_study/face_database/Penny/penny90.png,0
/home/ahmetozlu/Desktop/face_study/face_database/Penny/penny176.png,0
/home/ahmetozlu/Desktop/face_study/face_database/Penny/penny209.png,0
/home/ahmetozlu/Desktop/face_study/face_database/Penny/penny197.png,0
/home/ahmetozlu/Desktop/face_study/face_database/Penny/penny26.png,0
/home/ahmetozlu/Desktop/face_study/face_database/Penny/penny178.png,0
/home/ahmetozlu/Desktop/face_study/face_database/Penny/penny230.png,0
/home/ahmetozlu/Desktop/face_study/face_database/Penny/penny6.png,0
/home/ahmetozlu/Desktop/face_study/face_database/Penny/penny121.png,0
/home/ahmetozlu/Desktop/face_study/face_database/Penny/penny102.png,0
/home/ahmetozlu/Desktop/face_study/face_database/Penny/penny115.png,0
/home/ahmetozlu/Desktop/face_study/face_database/Penny/penny184.png,0
/home/ahmetozlu/Desktop/face_study/face_database/Penny/penny179.png,0
/home/ahmetozlu/Desktop/face_study/face_database/Penny/penny113.png,0
/home/ahmetozlu/Desktop/face_study/face_database/Penny/penny69.png,0
/home/ahmetozlu/Desktop/face_study/face_database/Penny/penny175.png,0
/home/ahmetozlu/Desktop/face_study/face_database/Penny/penny63.png,0
/home/ahmetozlu/Desktop/face_study/face_database/Penny/penny33.png,0
/home/ahmetozlu/Desktop/face_study/face_database/Penny/penny158.png,0
/home/ahmetozlu/Desktop/face_study/face_database/Penny/penny231.png,0
/home/ahmetozlu/Desktop/face_study/face_database/Penny/penny177.png,0
/home/ahmetozlu/Desktop/face_study/face_database/Penny/penny30.png,0
/home/ahmetozlu/Desktop/face_study/face_database/Penny/penny228.png,0
/home/ahmetozlu/Desktop/face_study/face_database/Penny/penny220.png,0
/home/ahmetozlu/Desktop/face_study/face_database/Penny/penny132.png,0
/home/ahmetozlu/Desktop/face_study/face_database/Penny/penny153.png,0
/home/ahmetozlu/Desktop/face_study/face_database/Penny/penny225.png,0
/home/ahmetozlu/Desktop/face_study/face_database/Penny/penny38.png,0
/home/ahmetozlu/Desktop/face_study/face_database/Penny/penny101.png,0
/home/ahmetozlu/Desktop/face_study/face_database/Penny/penny119.png,0
/home/ahmetozlu/Desktop/face_study/face_database/Penny/penny89.png,0
/home/ahmetozlu/Desktop/face_study/face_database/Penny/penny198.png,0
/home/ahmetozlu/Desktop/face_study/face_database/Penny/penny192.png,0
/home/ahmetozlu/Desktop/face_study/face_database/Penny/penny118.png,0
/home/ahmetozlu/Desktop/face_study/face_database/Penny/penny57.png,0
/home/ahmetozlu/Desktop/face_study/face_database/Penny/penny99.png,0
/home/ahmetozlu/Desktop/face_study/face_database/Penny/penny73.png,0
/home/ahmetozlu/Desktop/face_study/face_database/Sheldon/sheldon205.png,1
/home/ahmetozlu/Desktop/face_study/face_database/Sheldon/sheldon6.png,1
/home/ahmetozlu/Desktop/face_study/face_database/Sheldon/sheldon31.png,1
/home/ahmetozlu/Desktop/face_study/face_database/Sheldon/sheldon55.png,1
/home/ahmetozlu/Desktop/face_study/face_database/Sheldon/sheldon106.png,1
/home/ahmetozlu/Desktop/face_study/face_database/Sheldon/sheldon252.png,1
/home/ahmetozlu/Desktop/face_study/face_database/Sheldon/sheldon159.png,1
/home/ahmetozlu/Desktop/face_study/face_database/Sheldon/sheldon353.png,1
/home/ahmetozlu/Desktop/face_study/face_database/Sheldon/sheldon47.png,1
/home/ahmetozlu/Desktop/face_study/face_database/Sheldon/sheldon208.png,1
/home/ahmetozlu/Desktop/face_study/face_database/Sheldon/sheldon300.png,1
/home/ahmetozlu/Desktop/face_study/face_database/Sheldon/sheldon179.png,1
/home/ahmetozlu/Desktop/face_study/face_database/Sheldon/sheldon46.png,1
/home/ahmetozlu/Desktop/face_study/face_database/Sheldon/sheldon294.png,1
/home/ahmetozlu/Desktop/face_study/face_database/Sheldon/sheldon154.png,1
/home/ahmetozlu/Desktop/face_study/face_database/Sheldon/sheldon291.png,1
/home/ahmetozlu/Desktop/face_study/face_database/Sheldon/sheldon69.png,1
/home/ahmetozlu/Desktop/face_study/face_database/Sheldon/sheldon65.png,1
/home/ahmetozlu/Desktop/face_study/face_database/Sheldon/sheldon384.png,1
/home/ahmetozlu/Desktop/face_study/face_database/Sheldon/sheldon365.png,1
/home/ahmetozlu/Desktop/face_study/face_database/Sheldon/sheldon218.png,1
/home/ahmetozlu/Desktop/face_study/face_database/Sheldon/sheldon261.png,1
/home/ahmetozlu/Desktop/face_study/face_database/Sheldon/sheldon416.png,1
/home/ahmetozlu/Desktop/face_study/face_database/Sheldon/sheldon178.png,1
/home/ahmetozlu/Desktop/face_study/face_database/Sheldon/sheldon137.png,1
/home/ahmetozlu/Desktop/face_study/face_database/Sheldon/sheldon108.png,1
/home/ahmetozlu/Desktop/face_study/face_database/Sheldon/sheldon188.png,1
/home/ahmetozlu/Desktop/face_study/face_database/Sheldon/sheldon191.png,1
/home/ahmetozlu/Desktop/face_study/face_database/Sheldon/sheldon138.png,1
/home/ahmetozlu/Desktop/face_study/face_database/Sheldon/sheldon268.png,1
/home/ahmetozlu/Desktop/face_study/face_database/Sheldon/sheldon357.png,1
/home/ahmetozlu/Desktop/face_study/face_database/Sheldon/sheldon282.png,1
/home/ahmetozlu/Desktop/face_study/face_database/Sheldon/sheldon276.png,1
/home/ahmetozlu/Desktop/face_study/face_database/Sheldon/sheldon361.png,1
/home/ahmetozlu/Desktop/face_study/face_database/Sheldon/sheldon50.png,1
/home/ahmetozlu/Desktop/face_study/face_database/Sheldon/sheldon213.png,1
/home/ahmetozlu/Desktop/face_study/face_database/Sheldon/sheldon407.png,1
/home/ahmetozlu/Desktop/face_study/face_database/Sheldon/sheldon32.png,1
/home/ahmetozlu/Desktop/face_study/face_database/Sheldon/sheldon236.png,1
/home/ahmetozlu/Desktop/face_study/face_database/Sheldon/sheldon367.png,1
/home/ahmetozlu/Desktop/face_study/face_database/Sheldon/sheldon59.png,1
/home/ahmetozlu/Desktop/face_study/face_database/Sheldon/sheldon148.png,1
/home/ahmetozlu/Desktop/face_study/face_database/Sheldon/sheldon253.png,1
/home/ahmetozlu/Desktop/face_study/face_database/Sheldon/sheldon64.png,1
/home/ahmetozlu/Desktop/face_study/face_database/Sheldon/sheldon281.png,1
/home/ahmetozlu/Desktop/face_study/face_database/Sheldon/sheldon344.png,1
/home/ahmetozlu/Desktop/face_study/face_database/Sheldon/sheldon382.png,1
/home/ahmetozlu/Desktop/face_study/face_database/Sheldon/sheldon152.png,1
/home/ahmetozlu/Desktop/face_study/face_database/Sheldon/sheldon177.png,1
/home/ahmetozlu/Desktop/face_study/face_database/Sheldon/sheldon309.png,1
/home/ahmetozlu/Desktop/face_study/face_database/Sheldon/sheldon133.png,1
/home/ahmetozlu/Desktop/face_study/face_database/Sheldon/sheldon195.png,1
/home/ahmetozlu/Desktop/face_study/face_database/Sheldon/sheldon111.png,1
/home/ahmetozlu/Desktop/face_study/face_database/Sheldon/sheldon80.png,1
/home/ahmetozlu/Desktop/face_study/face_database/Sheldon/sheldon396.png,1
/home/ahmetozlu/Desktop/face_study/face_database/Sheldon/sheldon275.png,1
/home/ahmetozlu/Desktop/face_study/face_database/Sheldon/sheldon370.png,1
/home/ahmetozlu/Desktop/face_study/face_database/Sheldon/sheldon214.png,1
/home/ahmetozlu/Desktop/face_study/face_database/Sheldon/sheldon260.png,1
/home/ahmetozlu/Desktop/face_study/face_database/Sheldon/sheldon120.png,1
/home/ahmetozlu/Desktop/face_study/face_database/Sheldon/sheldon118.png,1
/home/ahmetozlu/Desktop/face_study/face_database/Sheldon/sheldon147.png,1
/home/ahmetozlu/Desktop/face_study/face_database/Sheldon/sheldon9.png,1
/home/ahmetozlu/Desktop/face_study/face_database/Sheldon/sheldon383.png,1
/home/ahmetozlu/Desktop/face_study/face_database/Sheldon/sheldon329.png,1
/home/ahmetozlu/Desktop/face_study/face_database/Sheldon/sheldon131.png,1
/home/ahmetozlu/Desktop/face_study/face_database/Sheldon/sheldon94.png,1
/home/ahmetozlu/Desktop/face_study/face_database/Sheldon/sheldon113.png,1
/home/ahmetozlu/Desktop/face_study/face_database/Sheldon/sheldon93.png,1
/home/ahmetozlu/Desktop/face_study/face_database/Sheldon/sheldon8.png,1
/home/ahmetozlu/Desktop/face_study/face_database/Sheldon/sheldon43.png,1
/home/ahmetozlu/Desktop/face_study/face_database/Sheldon/sheldon196.png,1
/home/ahmetozlu/Desktop/face_study/face_database/Sheldon/sheldon307.png,1
/home/ahmetozlu/Desktop/face_study/face_database/Sheldon/sheldon321.png,1
/home/ahmetozlu/Desktop/face_study/face_database/Sheldon/sheldon373.png,1
/home/ahmetozlu/Desktop/face_study/face_database/Sheldon/sheldon101.png,1
/home/ahmetozlu/Desktop/face_study/face_database/Sheldon/sheldon130.png,1
/home/ahmetozlu/Desktop/face_study/face_database/Sheldon/sheldon351.png,1
/home/ahmetozlu/Desktop/face_study/face_database/Sheldon/sheldon266.png,1
/home/ahmetozlu/Desktop/face_study/face_database/Sheldon/sheldon92.png,1
/home/ahmetozlu/Desktop/face_study/face_database/Sheldon/sheldon155.png,1
/home/ahmetozlu/Desktop/face_study/face_database/Sheldon/sheldon95.png,1
/home/ahmetozlu/Desktop/face_study/face_database/Sheldon/sheldon228.png,1
/home/ahmetozlu/Desktop/face_study/face_database/Sheldon/sheldon376.png,1
/home/ahmetozlu/Desktop/face_study/face_database/Sheldon/sheldon325.png,1
/home/ahmetozlu/Desktop/face_study/face_database/Sheldon/sheldon274.png,1
/home/ahmetozlu/Desktop/face_study/face_database/Sheldon/sheldon363.png,1
/home/ahmetozlu/Desktop/face_study/face_database/Sheldon/sheldon19.png,1
/home/ahmetozlu/Desktop/face_study/face_database/Sheldon/sheldon409.png,1
/home/ahmetozlu/Desktop/face_study/face_database/Sheldon/sheldon347.png,1
/home/ahmetozlu/Desktop/face_study/face_database/Sheldon/sheldon402.png,1
/home/ahmetozlu/Desktop/face_study/face_database/Sheldon/sheldon254.png,1
/home/ahmetozlu/Desktop/face_study/face_database/Sheldon/sheldon315.png,1
/home/ahmetozlu/Desktop/face_study/face_database/Sheldon/sheldon331.png,1
/home/ahmetozlu/Desktop/face_study/face_database/Sheldon/sheldon121.png,1
/home/ahmetozlu/Desktop/face_study/face_database/Sheldon/sheldon184.png,1
/home/ahmetozlu/Desktop/face_study/face_database/Sheldon/sheldon109.png,1
/home/ahmetozlu/Desktop/face_study/face_database/Sheldon/sheldon212.png,1
/home/ahmetozlu/Desktop/face_study/face_database/Sheldon/sheldon49.png,1
/home/ahmetozlu/Desktop/face_study/face_database/Sheldon/sheldon341.png,1
/home/ahmetozlu/Desktop/face_study/face_database/Sheldon/sheldon267.png,1
/home/ahmetozlu/Desktop/face_study/face_database/Sheldon/sheldon412.png,1
/home/ahmetozlu/Desktop/face_study/face_database/Sheldon/sheldon293.png,1
/home/ahmetozlu/Desktop/face_study/face_database/Sheldon/sheldon246.png,1
/home/ahmetozlu/Desktop/face_study/face_database/Sheldon/sheldon380.png,1
/home/ahmetozlu/Desktop/face_study/face_database/Sheldon/sheldon170.png,1
/home/ahmetozlu/Desktop/face_study/face_database/Sheldon/sheldon232.png,1
/home/ahmetozlu/Desktop/face_study/face_database/Sheldon/sheldon16.png,1
/home/ahmetozlu/Desktop/face_study/face_database/Sheldon/sheldon231.png,1
/home/ahmetozlu/Desktop/face_study/face_database/Sheldon/sheldon279.png,1
/home/ahmetozlu/Desktop/face_study/face_database/Sheldon/sheldon359.png,1
/home/ahmetozlu/Desktop/face_study/face_database/Sheldon/sheldon210.png,1
/home/ahmetozlu/Desktop/face_study/face_database/Sheldon/sheldon200.png,1
/home/ahmetozlu/Desktop/face_study/face_database/Sheldon/sheldon40.png,1
/home/ahmetozlu/Desktop/face_study/face_database/Sheldon/sheldon86.png,1
/home/ahmetozlu/Desktop/face_study/face_database/Sheldon/sheldon389.png,1
/home/ahmetozlu/Desktop/face_study/face_database/Sheldon/sheldon186.png,1
/home/ahmetozlu/Desktop/face_study/face_database/Sheldon/sheldon241.png,1
/home/ahmetozlu/Desktop/face_study/face_database/Sheldon/sheldon66.png,1
/home/ahmetozlu/Desktop/face_study/face_database/Sheldon/sheldon327.png,1
/home/ahmetozlu/Desktop/face_study/face_database/Sheldon/sheldon284.png,1
/home/ahmetozlu/Desktop/face_study/face_database/Sheldon/sheldon25.png,1
/home/ahmetozlu/Desktop/face_study/face_database/Sheldon/sheldon413.png,1
/home/ahmetozlu/Desktop/face_study/face_database/Sheldon/sheldon51.png,1
/home/ahmetozlu/Desktop/face_study/face_database/Sheldon/sheldon339.png,1
/home/ahmetozlu/Desktop/face_study/face_database/Sheldon/sheldon151.png,1
/home/ahmetozlu/Desktop/face_study/face_database/Sheldon/sheldon2.png,1
/home/ahmetozlu/Desktop/face_study/face_database/Sheldon/sheldon14.png,1
/home/ahmetozlu/Desktop/face_study/face_database/Sheldon/sheldon71.png,1
/home/ahmetozlu/Desktop/face_study/face_database/Sheldon/sheldon20.png,1
/home/ahmetozlu/Desktop/face_study/face_database/Sheldon/sheldon265.png,1
/home/ahmetozlu/Desktop/face_study/face_database/Sheldon/sheldon30.png,1
/home/ahmetozlu/Desktop/face_study/face_database/Sheldon/sheldon278.png,1
/home/ahmetozlu/Desktop/face_study/face_database/Sheldon/sheldon209.png,1
/home/ahmetozlu/Desktop/face_study/face_database/Sheldon/sheldon257.png,1
/home/ahmetozlu/Desktop/face_study/face_database/Sheldon/sheldon404.png,1
/home/ahmetozlu/Desktop/face_study/face_database/Sheldon/sheldon302.png,1
/home/ahmetozlu/Desktop/face_study/face_database/Sheldon/sheldon1.png,1
/home/ahmetozlu/Desktop/face_study/face_database/Sheldon/sheldon68.png,1
/home/ahmetozlu/Desktop/face_study/face_database/Sheldon/sheldon317.png,1
/home/ahmetozlu/Desktop/face_study/face_database/Sheldon/sheldon249.png,1
/home/ahmetozlu/Desktop/face_study/face_database/Sheldon/sheldon150.png,1
/home/ahmetozlu/Desktop/face_study/face_database/Sheldon/sheldon318.png,1
/home/ahmetozlu/Desktop/face_study/face_database/Sheldon/sheldon262.png,1
/home/ahmetozlu/Desktop/face_study/face_database/Sheldon/sheldon333.png,1
/home/ahmetozlu/Desktop/face_study/face_database/Sheldon/sheldon7.png,1
/home/ahmetozlu/Desktop/face_study/face_database/Sheldon/sheldon187.png,1
/home/ahmetozlu/Desktop/face_study/face_database/Sheldon/sheldon140.png,1
/home/ahmetozlu/Desktop/face_study/face_database/Sheldon/sheldon296.png,1
/home/ahmetozlu/Desktop/face_study/face_database/Sheldon/sheldon28.png,1
/home/ahmetozlu/Desktop/face_study/face_database/Sheldon/sheldon102.png,1
/home/ahmetozlu/Desktop/face_study/face_database/Sheldon/sheldon27.png,1
/home/ahmetozlu/Desktop/face_study/face_database/Sheldon/sheldon160.png,1
/home/ahmetozlu/Desktop/face_study/face_database/Sheldon/sheldon220.png,1
/home/ahmetozlu/Desktop/face_study/face_database/Sheldon/sheldon85.png,1
/home/ahmetozlu/Desktop/face_study/face_database/Sheldon/sheldon206.png,1
/home/ahmetozlu/Desktop/face_study/face_database/Sheldon/sheldon303.png,1
/home/ahmetozlu/Desktop/face_study/face_database/Sheldon/sheldon168.png,1
/home/ahmetozlu/Desktop/face_study/face_database/Sheldon/sheldon283.png,1
/home/ahmetozlu/Desktop/face_study/face_database/Sheldon/sheldon377.png,1
/home/ahmetozlu/Desktop/face_study/face_database/Sheldon/sheldon414.png,1
/home/ahmetozlu/Desktop/face_study/face_database/Sheldon/sheldon79.png,1
/home/ahmetozlu/Desktop/face_study/face_database/Sheldon/sheldon360.png,1
/home/ahmetozlu/Desktop/face_study/face_database/Sheldon/sheldon343.png,1
/home/ahmetozlu/Desktop/face_study/face_database/Sheldon/sheldon326.png,1
/home/ahmetozlu/Desktop/face_study/face_database/Sheldon/sheldon174.png,1
/home/ahmetozlu/Desktop/face_study/face_database/Sheldon/sheldon320.png,1
/home/ahmetozlu/Desktop/face_study/face_database/Sheldon/sheldon310.png,1
/home/ahmetozlu/Desktop/face_study/face_database/Sheldon/sheldon247.png,1
/home/ahmetozlu/Desktop/face_study/face_database/Sheldon/sheldon198.png,1
/home/ahmetozlu/Desktop/face_study/face_database/Sheldon/sheldon67.png,1
/home/ahmetozlu/Desktop/face_study/face_database/Sheldon/sheldon369.png,1
/home/ahmetozlu/Desktop/face_study/face_database/Sheldon/sheldon34.png,1
/home/ahmetozlu/Desktop/face_study/face_database/Sheldon/sheldon54.png,1
/home/ahmetozlu/Desktop/face_study/face_database/Sheldon/sheldon374.png,1
/home/ahmetozlu/Desktop/face_study/face_database/Sheldon/sheldon88.png,1
/home/ahmetozlu/Desktop/face_study/face_database/Sheldon/sheldon305.png,1
/home/ahmetozlu/Desktop/face_study/face_database/Sheldon/sheldon311.png,1
/home/ahmetozlu/Desktop/face_study/face_database/Sheldon/sheldon408.png,1
/home/ahmetozlu/Desktop/face_study/face_database/Sheldon/sheldon110.png,1
/home/ahmetozlu/Desktop/face_study/face_database/Sheldon/sheldon124.png,1
/home/ahmetozlu/Desktop/face_study/face_database/Sheldon/sheldon207.png,1
/home/ahmetozlu/Desktop/face_study/face_database/Sheldon/sheldon289.png,1
/home/ahmetozlu/Desktop/face_study/face_database/Sheldon/sheldon397.png,1
/home/ahmetozlu/Desktop/face_study/face_database/Sheldon/sheldon201.png,1
/home/ahmetozlu/Desktop/face_study/face_database/Sheldon/sheldon387.png,1
/home/ahmetozlu/Desktop/face_study/face_database/Sheldon/sheldon63.png,1
/home/ahmetozlu/Desktop/face_study/face_database/Sheldon/sheldon406.png,1
/home/ahmetozlu/Desktop/face_study/face_database/Sheldon/sheldon116.png,1
/home/ahmetozlu/Desktop/face_study/face_database/Sheldon/sheldon45.png,1
/home/ahmetozlu/Desktop/face_study/face_database/Sheldon/sheldon57.png,1
/home/ahmetozlu/Desktop/face_study/face_database/Sheldon/sheldon308.png,1
/home/ahmetozlu/Desktop/face_study/face_database/Sheldon/sheldon301.png,1
/home/ahmetozlu/Desktop/face_study/face_database/Sheldon/sheldon230.png,1
/home/ahmetozlu/Desktop/face_study/face_database/Sheldon/sheldon100.png,1
/home/ahmetozlu/Desktop/face_study/face_database/Sheldon/sheldon316.png,1
/home/ahmetozlu/Desktop/face_study/face_database/Sheldon/sheldon332.png,1
/home/ahmetozlu/Desktop/face_study/face_database/Sheldon/sheldon290.png,1
/home/ahmetozlu/Desktop/face_study/face_database/Sheldon/sheldon379.png,1
/home/ahmetozlu/Desktop/face_study/face_database/Sheldon/sheldon84.png,1
/home/ahmetozlu/Desktop/face_study/face_database/Sheldon/sheldon166.png,1
/home/ahmetozlu/Desktop/face_study/face_database/Sheldon/sheldon56.png,1
/home/ahmetozlu/Desktop/face_study/face_database/Sheldon/sheldon342.png,1
/home/ahmetozlu/Desktop/face_study/face_database/Sheldon/sheldon222.png,1
/home/ahmetozlu/Desktop/face_study/face_database/Sheldon/sheldon364.png,1
/home/ahmetozlu/Desktop/face_study/face_database/Sheldon/sheldon185.png,1
/home/ahmetozlu/Desktop/face_study/face_database/Sheldon/sheldon10.png,1
/home/ahmetozlu/Desktop/face_study/face_database/Sheldon/sheldon319.png,1
/home/ahmetozlu/Desktop/face_study/face_database/Sheldon/sheldon233.png,1
/home/ahmetozlu/Desktop/face_study/face_database/Sheldon/sheldon98.png,1
/home/ahmetozlu/Desktop/face_study/face_database/Sheldon/sheldon165.png,1
/home/ahmetozlu/Desktop/face_study/face_database/Sheldon/sheldon271.png,1
/home/ahmetozlu/Desktop/face_study/face_database/Sheldon/sheldon250.png,1
/home/ahmetozlu/Desktop/face_study/face_database/Sheldon/sheldon355.png,1
/home/ahmetozlu/Desktop/face_study/face_database/Sheldon/sheldon173.png,1
/home/ahmetozlu/Desktop/face_study/face_database/Sheldon/sheldon286.png,1
/home/ahmetozlu/Desktop/face_study/face_database/Sheldon/sheldon129.png,1
/home/ahmetozlu/Desktop/face_study/face_database/Sheldon/sheldon103.png,1
/home/ahmetozlu/Desktop/face_study/face_database/Sheldon/sheldon141.png,1
/home/ahmetozlu/Desktop/face_study/face_database/Sheldon/sheldon156.png,1
/home/ahmetozlu/Desktop/face_study/face_database/Sheldon/sheldon194.png,1
/home/ahmetozlu/Desktop/face_study/face_database/Sheldon/sheldon189.png,1
/home/ahmetozlu/Desktop/face_study/face_database/Sheldon/sheldon58.png,1
/home/ahmetozlu/Desktop/face_study/face_database/Sheldon/sheldon192.png,1
/home/ahmetozlu/Desktop/face_study/face_database/Sheldon/sheldon255.png,1
/home/ahmetozlu/Desktop/face_study/face_database/Sheldon/sheldon292.png,1
/home/ahmetozlu/Desktop/face_study/face_database/Sheldon/sheldon96.png,1
/home/ahmetozlu/Desktop/face_study/face_database/Sheldon/sheldon375.png,1
/home/ahmetozlu/Desktop/face_study/face_database/Sheldon/sheldon203.png,1
/home/ahmetozlu/Desktop/face_study/face_database/Sheldon/sheldon297.png,1
/home/ahmetozlu/Desktop/face_study/face_database/Sheldon/sheldon251.png,1
/home/ahmetozlu/Desktop/face_study/face_database/Sheldon/sheldon37.png,1
/home/ahmetozlu/Desktop/face_study/face_database/Sheldon/sheldon227.png,1
/home/ahmetozlu/Desktop/face_study/face_database/Sheldon/sheldon299.png,1
/home/ahmetozlu/Desktop/face_study/face_database/Sheldon/sheldon11.png,1
/home/ahmetozlu/Desktop/face_study/face_database/Sheldon/sheldon89.png,1
/home/ahmetozlu/Desktop/face_study/face_database/Sheldon/sheldon324.png,1
/home/ahmetozlu/Desktop/face_study/face_database/Sheldon/sheldon29.png,1
/home/ahmetozlu/Desktop/face_study/face_database/Sheldon/sheldon42.png,1
/home/ahmetozlu/Desktop/face_study/face_database/Sheldon/sheldon335.png,1
/home/ahmetozlu/Desktop/face_study/face_database/Sheldon/sheldon313.png,1
/home/ahmetozlu/Desktop/face_study/face_database/Sheldon/sheldon273.png,1
/home/ahmetozlu/Desktop/face_study/face_database/Sheldon/sheldon112.png,1
/home/ahmetozlu/Desktop/face_study/face_database/Sheldon/sheldon280.png,1
/home/ahmetozlu/Desktop/face_study/face_database/Sheldon/sheldon15.png,1
/home/ahmetozlu/Desktop/face_study/face_database/Sheldon/sheldon22.png,1
/home/ahmetozlu/Desktop/face_study/face_database/Sheldon/sheldon104.png,1
/home/ahmetozlu/Desktop/face_study/face_database/Sheldon/sheldon398.png,1
/home/ahmetozlu/Desktop/face_study/face_database/Sheldon/sheldon356.png,1
/home/ahmetozlu/Desktop/face_study/face_database/Sheldon/sheldon336.png,1
/home/ahmetozlu/Desktop/face_study/face_database/Sheldon/sheldon172.png,1
/home/ahmetozlu/Desktop/face_study/face_database/Sheldon/sheldon314.png,1
/home/ahmetozlu/Desktop/face_study/face_database/Sheldon/sheldon403.png,1
/home/ahmetozlu/Desktop/face_study/face_database/Sheldon/sheldon74.png,1
/home/ahmetozlu/Desktop/face_study/face_database/Sheldon/sheldon75.png,1
/home/ahmetozlu/Desktop/face_study/face_database/Sheldon/sheldon388.png,1
/home/ahmetozlu/Desktop/face_study/face_database/Sheldon/sheldon411.png,1
/home/ahmetozlu/Desktop/face_study/face_database/Sheldon/sheldon385.png,1
/home/ahmetozlu/Desktop/face_study/face_database/Sheldon/sheldon164.png,1
/home/ahmetozlu/Desktop/face_study/face_database/Sheldon/sheldon142.png,1
/home/ahmetozlu/Desktop/face_study/face_database/Sheldon/sheldon277.png,1
/home/ahmetozlu/Desktop/face_study/face_database/Sheldon/sheldon181.png,1
/home/ahmetozlu/Desktop/face_study/face_database/Sheldon/sheldon322.png,1
/home/ahmetozlu/Desktop/face_study/face_database/Sheldon/sheldon90.png,1
/home/ahmetozlu/Desktop/face_study/face_database/Sheldon/sheldon224.png,1
/home/ahmetozlu/Desktop/face_study/face_database/Sheldon/sheldon87.png,1
/home/ahmetozlu/Desktop/face_study/face_database/Sheldon/sheldon35.png,1
/home/ahmetozlu/Desktop/face_study/face_database/Sheldon/sheldon368.png,1
/home/ahmetozlu/Desktop/face_study/face_database/Sheldon/sheldon264.png,1
/home/ahmetozlu/Desktop/face_study/face_database/Sheldon/sheldon287.png,1
/home/ahmetozlu/Desktop/face_study/face_database/Sheldon/sheldon295.png,1
/home/ahmetozlu/Desktop/face_study/face_database/Sheldon/sheldon378.png,1
/home/ahmetozlu/Desktop/face_study/face_database/Sheldon/sheldon76.png,1
/home/ahmetozlu/Desktop/face_study/face_database/Sheldon/sheldon258.png,1
/home/ahmetozlu/Desktop/face_study/face_database/Sheldon/sheldon72.png,1
/home/ahmetozlu/Desktop/face_study/face_database/Sheldon/sheldon393.png,1
/home/ahmetozlu/Desktop/face_study/face_database/Sheldon/sheldon371.png,1
/home/ahmetozlu/Desktop/face_study/face_database/Sheldon/sheldon23.png,1
/home/ahmetozlu/Desktop/face_study/face_database/Sheldon/sheldon117.png,1
/home/ahmetozlu/Desktop/face_study/face_database/Sheldon/sheldon211.png,1
/home/ahmetozlu/Desktop/face_study/face_database/Sheldon/sheldon386.png,1
/home/ahmetozlu/Desktop/face_study/face_database/Sheldon/sheldon167.png,1
/home/ahmetozlu/Desktop/face_study/face_database/Sheldon/sheldon132.png,1
/home/ahmetozlu/Desktop/face_study/face_database/Sheldon/sheldon169.png,1
/home/ahmetozlu/Desktop/face_study/face_database/Sheldon/sheldon219.png,1
/home/ahmetozlu/Desktop/face_study/face_database/Sheldon/sheldon263.png,1
/home/ahmetozlu/Desktop/face_study/face_database/Sheldon/sheldon157.png,1
/home/ahmetozlu/Desktop/face_study/face_database/Sheldon/sheldon123.png,1
/home/ahmetozlu/Desktop/face_study/face_database/Sheldon/sheldon202.png,1
/home/ahmetozlu/Desktop/face_study/face_database/Sheldon/sheldon259.png,1
/home/ahmetozlu/Desktop/face_study/face_database/Sheldon/sheldon242.png,1
/home/ahmetozlu/Desktop/face_study/face_database/Sheldon/sheldon127.png,1
/home/ahmetozlu/Desktop/face_study/face_database/Sheldon/sheldon190.png,1
/home/ahmetozlu/Desktop/face_study/face_database/Sheldon/sheldon298.png,1
/home/ahmetozlu/Desktop/face_study/face_database/Sheldon/sheldon270.png,1
/home/ahmetozlu/Desktop/face_study/face_database/Sheldon/sheldon163.png,1
/home/ahmetozlu/Desktop/face_study/face_database/Sheldon/sheldon175.png,1
/home/ahmetozlu/Desktop/face_study/face_database/Sheldon/sheldon83.png,1
/home/ahmetozlu/Desktop/face_study/face_database/Sheldon/sheldon223.png,1
/home/ahmetozlu/Desktop/face_study/face_database/Sheldon/sheldon134.png,1
/home/ahmetozlu/Desktop/face_study/face_database/Sheldon/sheldon144.png,1
/home/ahmetozlu/Desktop/face_study/face_database/Sheldon/sheldon337.png,1
/home/ahmetozlu/Desktop/face_study/face_database/Sheldon/sheldon36.png,1
/home/ahmetozlu/Desktop/face_study/face_database/Sheldon/sheldon126.png,1
/home/ahmetozlu/Desktop/face_study/face_database/Sheldon/sheldon304.png,1
/home/ahmetozlu/Desktop/face_study/face_database/Sheldon/sheldon239.png,1
/home/ahmetozlu/Desktop/face_study/face_database/Sheldon/sheldon180.png,1
/home/ahmetozlu/Desktop/face_study/face_database/Sheldon/sheldon161.png,1
/home/ahmetozlu/Desktop/face_study/face_database/Sheldon/sheldon12.png,1
/home/ahmetozlu/Desktop/face_study/face_database/Sheldon/sheldon105.png,1
/home/ahmetozlu/Desktop/face_study/face_database/Sheldon/sheldon171.png,1
/home/ahmetozlu/Desktop/face_study/face_database/Sheldon/sheldon312.png,1
/home/ahmetozlu/Desktop/face_study/face_database/Sheldon/sheldon226.png,1
/home/ahmetozlu/Desktop/face_study/face_database/Sheldon/sheldon415.png,1
/home/ahmetozlu/Desktop/face_study/face_database/Sheldon/sheldon125.png,1
/home/ahmetozlu/Desktop/face_study/face_database/Sheldon/sheldon81.png,1
/home/ahmetozlu/Desktop/face_study/face_database/Sheldon/sheldon323.png,1
/home/ahmetozlu/Desktop/face_study/face_database/Sheldon/sheldon217.png,1
/home/ahmetozlu/Desktop/face_study/face_database/Sheldon/sheldon401.png,1
/home/ahmetozlu/Desktop/face_study/face_database/Sheldon/sheldon306.png,1
/home/ahmetozlu/Desktop/face_study/face_database/Sheldon/sheldon182.png,1
/home/ahmetozlu/Desktop/face_study/face_database/Sheldon/sheldon229.png,1
/home/ahmetozlu/Desktop/face_study/face_database/Sheldon/sheldon215.png,1
/home/ahmetozlu/Desktop/face_study/face_database/Sheldon/sheldon245.png,1
/home/ahmetozlu/Desktop/face_study/face_database/Sheldon/sheldon136.png,1
/home/ahmetozlu/Desktop/face_study/face_database/Sheldon/sheldon145.png,1
/home/ahmetozlu/Desktop/face_study/face_database/Sheldon/sheldon48.png,1
/home/ahmetozlu/Desktop/face_study/face_database/Sheldon/sheldon53.png,1
/home/ahmetozlu/Desktop/face_study/face_database/Sheldon/sheldon128.png,1
/home/ahmetozlu/Desktop/face_study/face_database/Sheldon/sheldon70.png,1
/home/ahmetozlu/Desktop/face_study/face_database/Sheldon/sheldon349.png,1
/home/ahmetozlu/Desktop/face_study/face_database/Sheldon/sheldon272.png,1
/home/ahmetozlu/Desktop/face_study/face_database/Sheldon/sheldon77.png,1
/home/ahmetozlu/Desktop/face_study/face_database/Sheldon/sheldon352.png,1
/home/ahmetozlu/Desktop/face_study/face_database/Sheldon/sheldon158.png,1
/home/ahmetozlu/Desktop/face_study/face_database/Sheldon/sheldon410.png,1
/home/ahmetozlu/Desktop/face_study/face_database/Sheldon/sheldon97.png,1
/home/ahmetozlu/Desktop/face_study/face_database/Sheldon/sheldon135.png,1
/home/ahmetozlu/Desktop/face_study/face_database/Sheldon/sheldon362.png,1
/home/ahmetozlu/Desktop/face_study/face_database/Sheldon/sheldon21.png,1
/home/ahmetozlu/Desktop/face_study/face_database/Sheldon/sheldon288.png,1
/home/ahmetozlu/Desktop/face_study/face_database/Sheldon/sheldon243.png,1
/home/ahmetozlu/Desktop/face_study/face_database/Sheldon/sheldon269.png,1
/home/ahmetozlu/Desktop/face_study/face_database/Sheldon/sheldon345.png,1
/home/ahmetozlu/Desktop/face_study/face_database/Sheldon/sheldon197.png,1
/home/ahmetozlu/Desktop/face_study/face_database/Sheldon/sheldon240.png,1
/home/ahmetozlu/Desktop/face_study/face_database/Sheldon/sheldon176.png,1
/home/ahmetozlu/Desktop/face_study/face_database/Sheldon/sheldon348.png,1
/home/ahmetozlu/Desktop/face_study/face_database/Sheldon/sheldon338.png,1
/home/ahmetozlu/Desktop/face_study/face_database/Sheldon/sheldon183.png,1
/home/ahmetozlu/Desktop/face_study/face_database/Sheldon/sheldon82.png,1
/home/ahmetozlu/Desktop/face_study/face_database/Sheldon/sheldon17.png,1
/home/ahmetozlu/Desktop/face_study/face_database/Sheldon/sheldon334.png,1
/home/ahmetozlu/Desktop/face_study/face_database/Sheldon/sheldon199.png,1
/home/ahmetozlu/Desktop/face_study/face_database/Sheldon/sheldon52.png,1
/home/ahmetozlu/Desktop/face_study/face_database/Sheldon/sheldon115.png,1
/home/ahmetozlu/Desktop/face_study/face_database/Sheldon/sheldon114.png,1
/home/ahmetozlu/Desktop/face_study/face_database/Sheldon/sheldon350.png,1
/home/ahmetozlu/Desktop/face_study/face_database/Sheldon/sheldon221.png,1
/home/ahmetozlu/Desktop/face_study/face_database/Sheldon/sheldon44.png,1
/home/ahmetozlu/Desktop/face_study/face_database/Sheldon/sheldon149.png,1
/home/ahmetozlu/Desktop/face_study/face_database/Sheldon/sheldon248.png,1
/home/ahmetozlu/Desktop/face_study/face_database/Sheldon/sheldon33.png,1
/home/ahmetozlu/Desktop/face_study/face_database/Sheldon/sheldon107.png,1
/home/ahmetozlu/Desktop/face_study/face_database/Sheldon/sheldon330.png,1
/home/ahmetozlu/Desktop/face_study/face_database/Sheldon/sheldon244.png,1
/home/ahmetozlu/Desktop/face_study/face_database/Sheldon/sheldon41.png,1
/home/ahmetozlu/Desktop/face_study/face_database/Sheldon/sheldon358.png,1
/home/ahmetozlu/Desktop/face_study/face_database/Sheldon/sheldon143.png,1
/home/ahmetozlu/Desktop/face_study/face_database/Sheldon/sheldon204.png,1
/home/ahmetozlu/Desktop/face_study/face_database/Sheldon/sheldon238.png,1
/home/ahmetozlu/Desktop/face_study/face_database/Sheldon/sheldon0.png,1
/home/ahmetozlu/Desktop/face_study/face_database/Sheldon/sheldon4.png,1
/home/ahmetozlu/Desktop/face_study/face_database/Sheldon/sheldon234.png,1
/home/ahmetozlu/Desktop/face_study/face_database/Sheldon/sheldon119.png,1
/home/ahmetozlu/Desktop/face_study/face_database/Sheldon/sheldon61.png,1
/home/ahmetozlu/Desktop/face_study/face_database/Sheldon/sheldon78.png,1
/home/ahmetozlu/Desktop/face_study/face_database/Sheldon/sheldon225.png,1
/home/ahmetozlu/Desktop/face_study/face_database/Sheldon/sheldon18.png,1
/home/ahmetozlu/Desktop/face_study/face_database/Sheldon/sheldon390.png,1
/home/ahmetozlu/Desktop/face_study/face_database/Sheldon/sheldon62.png,1
/home/ahmetozlu/Desktop/face_study/face_database/Sheldon/sheldon399.png,1
/home/ahmetozlu/Desktop/face_study/face_database/Sheldon/sheldon400.png,1
/home/ahmetozlu/Desktop/face_study/face_database/Sheldon/sheldon235.png,1
/home/ahmetozlu/Desktop/face_study/face_database/Sheldon/sheldon394.png,1
/home/ahmetozlu/Desktop/face_study/face_database/Sheldon/sheldon346.png,1
/home/ahmetozlu/Desktop/face_study/face_database/Sheldon/sheldon381.png,1
/home/ahmetozlu/Desktop/face_study/face_database/Sheldon/sheldon256.png,1
/home/ahmetozlu/Desktop/face_study/face_database/Sheldon/sheldon24.png,1
/home/ahmetozlu/Desktop/face_study/face_database/Sheldon/sheldon38.png,1
/home/ahmetozlu/Desktop/face_study/face_database/Sheldon/sheldon328.png,1
/home/ahmetozlu/Desktop/face_study/face_database/Sheldon/sheldon216.png,1
/home/ahmetozlu/Desktop/face_study/face_database/Sheldon/sheldon60.png,1
/home/ahmetozlu/Desktop/face_study/face_database/Sheldon/sheldon122.png,1
/home/ahmetozlu/Desktop/face_study/face_database/Sheldon/sheldon13.png,1
/home/ahmetozlu/Desktop/face_study/face_database/Sheldon/sheldon392.png,1
/home/ahmetozlu/Desktop/face_study/face_database/Sheldon/sheldon99.png,1
/home/ahmetozlu/Desktop/face_study/face_database/Sheldon/sheldon26.png,1
/home/ahmetozlu/Desktop/face_study/face_database/Sheldon/sheldon5.png,1
/home/ahmetozlu/Desktop/face_study/face_database/Sheldon/sheldon139.png,1
/home/ahmetozlu/Desktop/face_study/face_database/Sheldon/sheldon395.png,1
/home/ahmetozlu/Desktop/face_study/face_database/Sheldon/sheldon372.png,1
/home/ahmetozlu/Desktop/face_study/face_database/Sheldon/sheldon366.png,1
/home/ahmetozlu/Desktop/face_study/face_database/Sheldon/sheldon153.png,1
/home/ahmetozlu/Desktop/face_study/face_database/Sheldon/sheldon405.png,1
/home/ahmetozlu/Desktop/face_study/face_database/Sheldon/sheldon340.png,1
/home/ahmetozlu/Desktop/face_study/face_database/Sheldon/sheldon146.png,1
/home/ahmetozlu/Desktop/face_study/face_database/Sheldon/sheldon3.png,1
/home/ahmetozlu/Desktop/face_study/face_database/Sheldon/sheldon39.png,1
/home/ahmetozlu/Desktop/face_study/face_database/Sheldon/sheldon237.png,1
/home/ahmetozlu/Desktop/face_study/face_database/Sheldon/sheldon91.png,1
/home/ahmetozlu/Desktop/face_study/face_database/Sheldon/sheldon162.png,1
/home/ahmetozlu/Desktop/face_study/face_database/Sheldon/sheldon391.png,1
/home/ahmetozlu/Desktop/face_study/face_database/Sheldon/sheldon354.png,1
/home/ahmetozlu/Desktop/face_study/face_database/Sheldon/sheldon73.png,1
/home/ahmetozlu/Desktop/face_study/face_database/Sheldon/sheldon285.png,1
/home/ahmetozlu/Desktop/face_study/face_database/Sheldon/sheldon193.png,1
